{
  "Ansi 6 Color" : {
    "Red Component" : 0.52549019607843139,
    "Color Space" : "sRGB",
    "Blue Component" : 0.72549019607843135,
    "Green Component" : 0.75686274509803919
  },
  "Tags" : [

  ],
  "Ansi 12 Color" : {
    "Red Component" : 0.72156862745098038,
    "Color Space" : "sRGB",
    "Blue Component" : 0.72156862745098038,
    "Green Component" : 0.72156862745098038
  },
  "Ansi 7 Color" : {
    "Red Component" : 0.84705882352941175,
    "Color Space" : "sRGB",
    "Blue Component" : 0.84705882352941175,
    "Green Component" : 0.84705882352941175
  },
  "Ansi 8 Color" : {
    "Red Component" : 0.34509803921568627,
    "Color Space" : "sRGB",
    "Blue Component" : 0.34509803921568627,
    "Green Component" : 0.34509803921568627
  },
  "Bold Color" : {
    "Red Component" : 0.84705882352941175,
    "Color Space" : "sRGB",
    "Blue Component" : 0.84705882352941175,
    "Green Component" : 0.84705882352941175
  },
  "Ansi 9 Color" : {
    "Red Component" : 0.86274509803921573,
    "Color Space" : "sRGB",
    "Blue Component" : 0.33725490196078434,
    "Green Component" : 0.58823529411764708
  },
  "Ansi 4 Color" : {
    "Red Component" : 0.48627450980392156,
    "Color Space" : "sRGB",
    "Blue Component" : 0.76078431372549016,
    "Green Component" : 0.68627450980392157
  },
  "Transparency" : 0,
  "Rows" : 25,
  "Default Bookmark" : "No",
  "Cursor Guide Color" : {
    "Red Component" : 0.70214027166366577,
    "Color Space" : "sRGB",
    "Blue Component" : 1,
    "Alpha Component" : 0.25,
    "Green Component" : 0.92681378126144409
  },
  "Non-ASCII Anti Aliased" : true,
  "Use Bright Bold" : true,
  "Ansi 10 Color" : {
    "Red Component" : 0.15686274509803921,
    "Color Space" : "sRGB",
    "Blue Component" : 0.15686274509803921,
    "Green Component" : 0.15686274509803921
  },
  "Ambiguous Double Width" : false,
  "Jobs to Ignore" : [
    "rlogin",
    "ssh",
    "slogin",
    "telnet"
  ],
  "Show Status Bar" : true,
  "Ansi 15 Color" : {
    "Red Component" : 0.97254901960784312,
    "Color Space" : "sRGB",
    "Blue Component" : 0.97254901960784312,
    "Green Component" : 0.97254901960784312
  },
  "Foreground Color" : {
    "Red Component" : 0.84705882352941175,
    "Color Space" : "sRGB",
    "Blue Component" : 0.84705882352941175,
    "Green Component" : 0.84705882352941175
  },
  "Bound Hosts" : [

  ],
  "Working Directory" : "\/Users\/c",
  "Blinking Cursor" : true,
  "Disable Window Resizing" : true,
  "Sync Title" : false,
  "Prompt Before Closing 2" : false,
  "BM Growl" : true,
  "Command" : "",
  "Description" : "Default",
  "Space" : 0,
  "Mouse Reporting" : true,
  "Screen" : -1,
  "Selection Color" : {
    "Red Component" : 0.2196078431372549,
    "Color Space" : "sRGB",
    "Blue Component" : 0.2196078431372549,
    "Green Component" : 0.2196078431372549
  },
  "Initial Use Transparency" : false,
  "Columns" : 80,
  "Idle Code" : 0,
  "Ansi 13 Color" : {
    "Red Component" : 0.90980392156862744,
    "Color Space" : "sRGB",
    "Blue Component" : 0.90980392156862744,
    "Green Component" : 0.90980392156862744
  },
  "Custom Command" : "No",
  "ASCII Anti Aliased" : true,
  "Non Ascii Font" : "Monaco 12",
  "Vertical Spacing" : 1,
  "Use Bold Font" : true,
  "Option Key Sends" : 2,
  "Selected Text Color" : {
    "Red Component" : 0.84705882352941175,
    "Color Space" : "sRGB",
    "Blue Component" : 0.84705882352941175,
    "Green Component" : 0.84705882352941175
  },
  "Background Color" : {
    "Red Component" : 0.094117647058823528,
    "Color Space" : "sRGB",
    "Blue Component" : 0.094117647058823528,
    "Green Component" : 0.094117647058823528
  },
  "Character Encoding" : 4,
  "Ansi 11 Color" : {
    "Red Component" : 0.2196078431372549,
    "Color Space" : "sRGB",
    "Blue Component" : 0.2196078431372549,
    "Green Component" : 0.2196078431372549
  },
  "Use Italic Font" : true,
  "Unlimited Scrollback" : false,
  "Keyboard Map" : {
    "0xf700-0x260000" : {
      "Text" : "[1;6A",
      "Action" : 10
    },
    "0x37-0x40000" : {
      "Text" : "0x1f",
      "Action" : 11
    },
    "0x32-0x40000" : {
      "Text" : "0x00",
      "Action" : 11
    },
    "0xf709-0x20000" : {
      "Text" : "[17;2~",
      "Action" : 10
    },
    "0xf70c-0x20000" : {
      "Text" : "[20;2~",
      "Action" : 10
    },
    "0xf729-0x20000" : {
      "Text" : "[1;2H",
      "Action" : 10
    },
    "0xf72b-0x40000" : {
      "Text" : "[1;5F",
      "Action" : 10
    },
    "0xf705-0x20000" : {
      "Text" : "[1;2Q",
      "Action" : 10
    },
    "0xf703-0x260000" : {
      "Text" : "[1;6C",
      "Action" : 10
    },
    "0xf700-0x220000" : {
      "Text" : "[1;2A",
      "Action" : 10
    },
    "0xf701-0x280000" : {
      "Text" : "0x1b 0x1b 0x5b 0x42",
      "Action" : 11
    },
    "0x38-0x40000" : {
      "Text" : "0x7f",
      "Action" : 11
    },
    "0x33-0x40000" : {
      "Text" : "0x1b",
      "Action" : 11
    },
    "0xf703-0x220000" : {
      "Text" : "[1;2C",
      "Action" : 10
    },
    "0xf701-0x240000" : {
      "Text" : "[1;5B",
      "Action" : 10
    },
    "0xf70d-0x20000" : {
      "Text" : "[21;2~",
      "Action" : 10
    },
    "0xf702-0x260000" : {
      "Text" : "[1;6D",
      "Action" : 10
    },
    "0xf729-0x40000" : {
      "Text" : "[1;5H",
      "Action" : 10
    },
    "0xf706-0x20000" : {
      "Text" : "[1;2R",
      "Action" : 10
    },
    "0x34-0x40000" : {
      "Text" : "0x1c",
      "Action" : 11
    },
    "0xf700-0x280000" : {
      "Text" : "0x1b 0x1b 0x5b 0x41",
      "Action" : 11
    },
    "0x2d-0x40000" : {
      "Text" : "0x1f",
      "Action" : 11
    },
    "0xf70e-0x20000" : {
      "Text" : "[23;2~",
      "Action" : 10
    },
    "0xf702-0x220000" : {
      "Text" : "[1;2D",
      "Action" : 10
    },
    "0xf703-0x280000" : {
      "Text" : "0x1b 0x1b 0x5b 0x43",
      "Action" : 11
    },
    "0xf700-0x240000" : {
      "Text" : "[1;5A",
      "Action" : 10
    },
    "0xf707-0x20000" : {
      "Text" : "[1;2S",
      "Action" : 10
    },
    "0xf70a-0x20000" : {
      "Text" : "[18;2~",
      "Action" : 10
    },
    "0x35-0x40000" : {
      "Text" : "0x1d",
      "Action" : 11
    },
    "0xf70f-0x20000" : {
      "Text" : "[24;2~",
      "Action" : 10
    },
    "0xf703-0x240000" : {
      "Text" : "[1;5C",
      "Action" : 10
    },
    "0xf701-0x260000" : {
      "Text" : "[1;6B",
      "Action" : 10
    },
    "0xf702-0x280000" : {
      "Text" : "0x1b 0x1b 0x5b 0x44",
      "Action" : 11
    },
    "0xf72b-0x20000" : {
      "Text" : "[1;2F",
      "Action" : 10
    },
    "0x36-0x40000" : {
      "Text" : "0x1e",
      "Action" : 11
    },
    "0xf708-0x20000" : {
      "Text" : "[15;2~",
      "Action" : 10
    },
    "0xf701-0x220000" : {
      "Text" : "[1;2B",
      "Action" : 10
    },
    "0xf70b-0x20000" : {
      "Text" : "[19;2~",
      "Action" : 10
    },
    "0xf702-0x240000" : {
      "Text" : "[1;5D",
      "Action" : 10
    },
    "0xf704-0x20000" : {
      "Text" : "[1;2P",
      "Action" : 10
    }
  },
  "Window Type" : 15,
  "Cursor Type" : 2,
  "Background Image Location" : "",
  "Blur" : false,
  "Badge Color" : {
    "Red Component" : 1,
    "Color Space" : "sRGB",
    "Blue Component" : 0,
    "Alpha Component" : 0.5,
    "Green Component" : 0.14910027384757996
  },
  "Scrollback Lines" : 1000,
  "Send Code When Idle" : false,
  "Close Sessions On End" : true,
  "Terminal Type" : "xterm-256color",
  "Visual Bell" : true,
  "Flashing Bell" : false,
  "Status Bar Layout" : {
    "components" : [
      {
        "class" : "iTermStatusBarBatteryComponent",
        "configuration" : {
          "knobs" : {
            "ShowPercentage" : 1,
            "base: priority" : 5,
            "shared text color" : {
              "Red Component" : 0.86274509803921573,
              "Color Space" : "sRGB",
              "Blue Component" : 0.33725490196078434,
              "Alpha Component" : 1,